{
  "@odata.context": "$metadata#CompanyCodes",
  "value": [
    {
      "companyCode": "AE10",
      "companyCodeName": "McK & Co LME Limited -UAE",
      "description": "McKinsey & Company LME Limited - United Arab Emirates ",
      "currencyCode": "AED",
      "validFrom": "0001-01-01",
      "validTo": "9999-12-31",
      "addressLine1": "Dubai International Financial Ctr.",
      "addressLine2": "Gate Precinct 4, Level 4",
      "addressLine3": "PO Box 33558",
      "addressLine4": "",
      "district": "",
      "city": "Dubai",
      "postalCode": "",
      "regionCode": "DU",
      "countryCode": "AE",
      "updateDate": "2023-02-16T14:32:22.000Z",
      "mandt": "200"
    },
    {
      "companyCode": "AE11",
      "companyCodeName": "McK & Co, Inc, Int.-UAE",
      "description": "McKinsey & Company, Inc. International - United Arab Emirates ",
      "currencyCode": "AED",
      "validFrom": "0001-01-01",
      "validTo": "9999-12-31",
      "addressLine1": "1902, International Tower,",
      "addressLine2": "Al Karamah Street, P.O. Box 52093,",
      "addressLine3": "",
      "addressLine4": "",
      "district": "",
      "city": "Abu Dhabi",
      "postalCode": "",
      "regionCode": "AZ",
      "countryCode": "AE",
      "updateDate": "2023-02-16T14:32:22.000Z",
      "mandt": "200"
    },
    {
      "companyCode": "AO10",
      "companyCodeName": "McK & Co SL - Angola",
      "description": "Mckinsey & Company SL - Sucursal Em Angola ",
      "currencyCode": "AOA",
      "validFrom": "0001-01-01",
      "validTo": "9999-12-31",
      "addressLine1": "Avenida Lenine, Torres Oceano",
      "addressLine2": "Torre A, 21º A,",
      "addressLine3": "",
      "addressLine4": "",
      "district": "",
      "city": "Luanda",
      "postalCode": "",
      "regionCode": "LUA",
      "countryCode": "AO",
      "updateDate": "2023-02-16T14:32:22.000Z",
      "mandt": "200"
    },
    {
      "companyCode": "AR10",
      "companyCodeName": "McK Argentina, S.R.L.",
      "description": "McKinsey Argentina, S.R.L.  ",
      "currencyCode": "ARS",
      "validFrom": "0001-01-01",
      "validTo": "9999-12-31",
      "addressLine1": "Av. Leandro N. Alem 855 Piso 24",
      "addressLine2": "",
      "addressLine3": "",
      "addressLine4": "",
      "district": "",
      "city": "Buenos Aires",
      "postalCode": "C1001AAD",
      "regionCode": "01",
      "countryCode": "AR",
      "updateDate": "2023-02-16T14:32:22.000Z",
      "mandt": "200"
    },
    {
      "companyCode": "AT10",
      "companyCodeName": "McK & Co, Inc. Austria",
      "description": "McKinsey & Company, Inc. Austria  ",
      "currencyCode": "EUR",
      "validFrom": "0001-01-01",
      "validTo": "9999-12-31",
      "addressLine1": "Schottenring 19",
      "addressLine2": "",
      "addressLine3": "",
      "addressLine4": "",
      "district": "",
      "city": "Vienna",
      "postalCode": "1010",
      "regionCode": "W",
      "countryCode": "AT",
      "updateDate": "2023-02-16T14:32:22.000Z",
      "mandt": "200"
    },
    {
      "companyCode": "AT11",
      "companyCodeName": "McK & Co, Inc.-Kitzbuhel",
      "description": "McKinsey & Company, Inc- Kitzbuhel Branch ",
      "currencyCode": "EUR",
      "validFrom": "0001-01-01",
      "validTo": "9999-12-31",
      "addressLine1": "Alpine University",
      "addressLine2": "the Grand Hotel Kitzbühel",
      "addressLine3": "Malinggasse 12",
      "addressLine4": "",
      "district": "",
      "city": "Kitzbühel",
      "postalCode": "6370",
      "regionCode": "7",
      "countryCode": "AT",
      "updateDate": "2023-02-16T14:32:22.000Z",
      "mandt": "200"
    },
    {
      "companyCode": "AT12",
      "companyCodeName": "LIXTO Management GmbH",
      "description": "LIXTO Management GmbH  ",
      "currencyCode": "EUR",
      "validFrom": "0001-01-01",
      "validTo": "9999-12-31",
      "addressLine1": "Falkestraße 1",
      "addressLine2": "",
      "addressLine3": "",
      "addressLine4": "",
      "district": "",
      "city": "Vienna",
      "postalCode": "1010",
      "regionCode": "W",
      "countryCode": "AT",
      "updateDate": "2023-02-16T14:32:22.000Z",
      "mandt": "200"
    },
    {
      "companyCode": "AT13",
      "companyCodeName": "LIXTO Software GmbH & Co",
      "description": "LIXTO Software GmbH & Co. KG  ",
      "currencyCode": "EUR",
      "validFrom": "0001-01-01",
      "validTo": "9999-12-31",
      "addressLine1": "Falkestraße 1",
      "addressLine2": "",
      "addressLine3": "",
      "addressLine4": "",
      "district": "",
      "city": "Vienna",
      "postalCode": "1010",
      "regionCode": "W",
      "countryCode": "AT",
      "updateDate": "2023-02-16T14:32:22.000Z",
      "mandt": "200"
    },
    {
      "companyCode": "AU10",
      "companyCodeName": "McK Pac Rim, Inc.-AU",
      "description": "McKinsey Pacific Rim, Inc. - Australia ",
      "currencyCode": "AUD",
      "validFrom": "0001-01-01",
      "validTo": "9999-12-31",
      "addressLine1": "Level 35, 88 Phillip Street",
      "addressLine2": "",
      "addressLine3": "",
      "addressLine4": "",
      "district": "New South Wales",
      "city": "Sydney",
      "postalCode": "2000",
      "regionCode": "NSW",
      "countryCode": "AU",
      "updateDate": "2023-02-16T14:32:22.000Z",
      "mandt": "200"
    },
    {
      "companyCode": "AU11",
      "companyCodeName": "McK RTS Australia Co.",
      "description": "McKinsey Recovery and Transformation Services Australia Co.",
      "currencyCode": "AUD",
      "validFrom": "0001-01-01",
      "validTo": "9999-12-31",
      "addressLine1": "Level 3588 Phillip Street",
      "addressLine2": "",
      "addressLine3": "",
      "addressLine4": "",
      "district": "New South Wales",
      "city": "Sydney",
      "postalCode": "2000",
      "regionCode": "NSW",
      "countryCode": "AU",
      "updateDate": "2023-02-16T14:32:22.000Z",
      "mandt": "200"
    },
    {
      "companyCode": "AZ10",
      "companyCodeName": "McK & Co. (Azerbaijan)",
      "description": "McKinsey & Company (Azerbaijan), Inc. ",
      "currencyCode": "AZN",
      "validFrom": "0001-01-01",
      "validTo": "9999-12-31",
      "addressLine1": "153 Neftchiler Avenue, 8th Floor",
      "addressLine2": "Port Baku Tower",
      "addressLine3": "",
      "addressLine4": "",
      "district": "",
      "city": "Baku",
      "postalCode": "AZ1010",
      "regionCode": "BA",
      "countryCode": "AZ",
      "updateDate": "2023-02-16T14:32:22.000Z",
      "mandt": "200"
    },
    {
      "companyCode": "CA10",
      "companyCodeName": "McK & Compagnie Canada",
      "description": "McKinsey & Company Canada McKinsey & Compagnie Canada ",
      "currencyCode": "CAD",
      "validFrom": "0001-01-01",
      "validTo": "9999-12-31",
      "addressLine1": "110 Charles Street West",
      "addressLine2": "",
      "addressLine3": "",
      "addressLine4": "",
      "district": "",
      "city": "Toronto",
      "postalCode": "M5S 1K9",
      "regionCode": "ON",
      "countryCode": "CA",
      "updateDate": "2023-02-16T14:32:22.000Z",
      "mandt": "200"
    },
    {
      "companyCode": "CA11",
      "companyCodeName": "AFOS Canada Co.",
      "description": "AFOS Canada Co.  ",
      "currencyCode": "CAD",
      "validFrom": "0001-01-01",
      "validTo": "9999-12-31",
      "addressLine1": "c/o Stewart McKelvey",
      "addressLine2": "Queen's Marque,",
      "addressLine3": "600-1741 Lower Water Street",
      "addressLine4": "",
      "district": "",
      "city": "Halifax",
      "postalCode": "B3J 0J2",
      "regionCode": "NS",
      "countryCode": "CA",
      "updateDate": "2023-02-16T14:32:22.000Z",
      "mandt": "200"
    },
    {
      "companyCode": "CA12",
      "companyCodeName": "McK PriceMetrix Co.",
      "description": "McKinsey PriceMetrix Co.  ",
      "currencyCode": "CAD",
      "validFrom": "0001-01-01",
      "validTo": "9999-12-31",
      "addressLine1": "110 Charles Street West",
      "addressLine2": "",
      "addressLine3": "",
      "addressLine4": "",
      "district": "",
      "city": "Halifax",
      "postalCode": "M5S 1K9",
      "regionCode": "NS",
      "countryCode": "CA",
      "updateDate": "2023-02-16T14:32:22.000Z",
      "mandt": "200"
    },
    {
      "companyCode": "CA13",
      "companyCodeName": "McK RTS Canada Co.",
      "description": "McKinsey Recovery and Transformation Services Canada Co. ",
      "currencyCode": "CAD",
      "validFrom": "0001-01-01",
      "validTo": "9999-12-31",
      "addressLine1": "1959 Upper Water Street Suite 900",
      "addressLine2": "",
      "addressLine3": "",
      "addressLine4": "",
      "district": "",
      "city": "Halifax",
      "postalCode": "B3J 3N2",
      "regionCode": "NS",
      "countryCode": "CA",
      "updateDate": "2023-02-16T14:32:22.000Z",
      "mandt": "200"
    },
    {
      "companyCode": "CH10",
      "companyCodeName": "McK & Co-Switzerland",
      "description": "McKinsey & Company, Inc. Switzerland ",
      "currencyCode": "CHF",
      "validFrom": "0001-01-01",
      "validTo": "9999-12-31",
      "addressLine1": "Bleicherweg 30",
      "addressLine2": "",
      "addressLine3": "",
      "addressLine4": "",
      "district": "",
      "city": "Zürich",
      "postalCode": "8002",
      "regionCode": "ZH",
      "countryCode": "CH",
      "updateDate": "2023-02-16T14:32:22.000Z",
      "mandt": "200"
    },
    {
      "companyCode": "CL10",
      "companyCodeName": "McK & Co Chile Ltda",
      "description": "McKinsey & Company Chile Limitada  ",
      "currencyCode": "CLP",
      "validFrom": "0001-01-01",
      "validTo": "9999-12-31",
      "addressLine1": "Av. Apoquindo 2929, 20th floor,",
      "addressLine2": "",
      "addressLine3": "",
      "addressLine4": "",
      "district": "",
      "city": "Santiago",
      "postalCode": "7550246",
      "regionCode": "RM",
      "countryCode": "CL",
      "updateDate": "2023-02-16T14:32:22.000Z",
      "mandt": "200"
    },
    {
      "companyCode": "CL11",
      "companyCodeName": "McK & Co, Inc. Chile",
      "description": "McKinsey & Company, Inc. Chile  ",
      "currencyCode": "CLP",
      "validFrom": "0001-01-01",
      "validTo": "9999-12-31",
      "addressLine1": "Av. Apoquindo 2929, 20th floor,",
      "addressLine2": "",
      "addressLine3": "",
      "addressLine4": "",
      "district": "",
      "city": "Santiago",
      "postalCode": "7550246",
      "regionCode": "RM",
      "countryCode": "CL",
      "updateDate": "2023-02-16T14:32:22.000Z",
      "mandt": "200"
    },
    {
      "companyCode": "CL12",
      "companyCodeName": "McK Chile Holdings Ltda",
      "description": "McKinsey Chile Holdings Limitada  ",
      "currencyCode": "CLP",
      "validFrom": "0001-01-01",
      "validTo": "9999-12-31",
      "addressLine1": "Av. Apoquindo 2929, 20th floor,",
      "addressLine2": "",
      "addressLine3": "",
      "addressLine4": "",
      "district": "",
      "city": "Santiago",
      "postalCode": "7550246",
      "regionCode": "RM",
      "countryCode": "CL",
      "updateDate": "2023-02-16T14:32:22.000Z",
      "mandt": "200"
    },
    {
      "companyCode": "CN10",
      "companyCodeName": "McK (China) Co., Ltd.",
      "description": "McKinsey (China) Consulting Co., Ltd. ",
      "currencyCode": "CNY",
      "validFrom": "0001-01-01",
      "validTo": "9999-12-31",
      "addressLine1": "21F, 3 Corporate Avenue",
      "addressLine2": "168 Hubin Road,",
      "addressLine3": "",
      "addressLine4": "",
      "district": "",
      "city": "Shanghai",
      "postalCode": "200020",
      "regionCode": "SH",
      "countryCode": "CN",
      "updateDate": "2023-02-16T14:32:22.000Z",
      "mandt": "200"
    },
    {
      "companyCode": "CN11",
      "companyCodeName": "McK Consulting-Beijing",
      "description": "McKinsey Consulting Co., Ltd. Beijing ",
      "currencyCode": "CNY",
      "validFrom": "0001-01-01",
      "validTo": "9999-12-31",
      "addressLine1": "20/F South Tower",
      "addressLine2": "Beijing Kerry Centre,",
      "addressLine3": "No.1 Guanghua Road,",
      "addressLine4": "",
      "district": "Chaoyang",
      "city": "Beijing",
      "postalCode": "100020",
      "regionCode": "BJ",
      "countryCode": "CN",
      "updateDate": "2023-02-16T14:32:22.000Z",
      "mandt": "200"
    },
    {
      "companyCode": "CN12",
      "companyCodeName": "McK Consulting-Shanghai",
      "description": "McKinsey & Consulting Company Inc., Shanghai ",
      "currencyCode": "CNY",
      "validFrom": "0001-01-01",
      "validTo": "9999-12-31",
      "addressLine1": "21F, 3 Corporate Avenue",
      "addressLine2": "168 Hubin Road,",
      "addressLine3": "",
      "addressLine4": "",
      "district": "",
      "city": "Shanghai",
      "postalCode": "200020",
      "regionCode": "SH",
      "countryCode": "CN",
      "updateDate": "2023-02-16T14:32:22.000Z",
      "mandt": "200"
    },
    {
      "companyCode": "CN13",
      "companyCodeName": "Fanggeng (Shanghai), Ltd.",
      "description": "Fanggeng (Shanghai) Management Consulting Co., Ltd. ",
      "currencyCode": "CNY",
      "validFrom": "0001-01-01",
      "validTo": "9999-12-31",
      "addressLine1": "Room 210, Floor 2, Building 1,",
      "addressLine2": "No. 239 Gang Ao Road,",
      "addressLine3": "Free Trading Pilot Zone,",
      "addressLine4": "",
      "district": "",
      "city": "Shanghai",
      "postalCode": "200020",
      "regionCode": "SH",
      "countryCode": "CN",
      "updateDate": "2023-02-16T14:32:22.000Z",
      "mandt": "200"
    },
    {
      "companyCode": "CN14",
      "companyCodeName": "Aofeisi (Shanghai) , Ltd.",
      "description": "Aofeisi (Shanghai) Management Consulting Co., Ltd. ",
      "currencyCode": "CNY",
      "validFrom": "0001-01-01",
      "validTo": "9999-12-31",
      "addressLine1": "Room 220, Floor 2, Building 1,",
      "addressLine2": "No. 239 Gang Ao Road,",
      "addressLine3": "Free Trading Pilot Zone,",
      "addressLine4": "",
      "district": "",
      "city": "Shanghai",
      "postalCode": "200020",
      "regionCode": "SH",
      "countryCode": "CN",
      "updateDate": "2023-02-16T14:32:22.000Z",
      "mandt": "200"
    },
    {
      "companyCode": "CO10",
      "companyCodeName": "McK & Co Colombia, Inc.",
      "description": "McKinsey & Company Colombia, Inc.  ",
      "currencyCode": "COP",
      "validFrom": "0001-01-01",
      "validTo": "9999-12-31",
      "addressLine1": "Carrera 7 No 71-21",
      "addressLine2": "Torre B Oficina 802",
      "addressLine3": "",
      "addressLine4": "",
      "district": "",
      "city": "Bogota",
      "postalCode": "11001",
      "regionCode": "11",
      "countryCode": "CO",
      "updateDate": "2023-02-16T14:32:22.000Z",
      "mandt": "200"
    },
    {
      "companyCode": "CR10",
      "companyCodeName": "McK & Co SS C.R.",
      "description": "McKinsey & Company Support Services C.R. ",
      "currencyCode": "CRC",
      "validFrom": "0001-01-01",
      "validTo": "9999-12-31",
      "addressLine1": "Ultrapark II, Building UH10",
      "addressLine2": "6th floor, Lagunilla, Heredia",
      "addressLine3": "",
      "addressLine4": "",
      "district": "",
      "city": "San Jose",
      "postalCode": "00000",
      "regionCode": "SJ",
      "countryCode": "CR",
      "updateDate": "2023-02-16T14:32:22.000Z",
      "mandt": "200"
    },
    {
      "companyCode": "CZ10",
      "companyCodeName": "McK & Co, Inc. Prague",
      "description": "McKinsey & Company, Inc. Prague  ",
      "currencyCode": "CZK",
      "validFrom": "0001-01-01",
      "validTo": "9999-12-31",
      "addressLine1": "Milevska 2095/5",
      "addressLine2": "",
      "addressLine3": "",
      "addressLine4": "",
      "district": "",
      "city": "Prague",
      "postalCode": "140 00",
      "regionCode": "10",
      "countryCode": "CZ",
      "updateDate": "2023-02-16T14:32:22.000Z",
      "mandt": "200"
    },
    {
      "companyCode": "CZ11",
      "companyCodeName": "McK & Co, Inc. CZ",
      "description": "McKinsey & Company, Inc. Czech Republic ",
      "currencyCode": "CZK",
      "validFrom": "0001-01-01",
      "validTo": "9999-12-31",
      "addressLine1": "251 Little Falls Drive",
      "addressLine2": "",
      "addressLine3": "",
      "addressLine4": "",
      "district": "",
      "city": "TBD",
      "postalCode": "19808",
      "regionCode": "DE",
      "countryCode": "CZ",
      "updateDate": "2023-02-16T14:32:22.000Z",
      "mandt": "200"
    },
    {
      "companyCode": "DE10",
      "companyCodeName": "McK & Co, Inc. - Germany",
      "description": "McKinsey & Company, Inc. - Germany  ",
      "currencyCode": "EUR",
      "validFrom": "0001-01-01",
      "validTo": "9999-12-31",
      "addressLine1": "Kennedydamm 24",
      "addressLine2": "",
      "addressLine3": "",
      "addressLine4": "",
      "district": "",
      "city": "Dusseldorf",
      "postalCode": "40476",
      "regionCode": "NW",
      "countryCode": "DE",
      "updateDate": "2023-02-16T14:32:22.000Z",
      "mandt": "200"
    },
    {
      "companyCode": "DE11",
      "companyCodeName": "4Tree GmbH",
      "description": "4Tree GmbH  ",
      "currencyCode": "EUR",
      "validFrom": "0001-01-01",
      "validTo": "9999-12-31",
      "addressLine1": "Hafenstr. 29",
      "addressLine2": "",
      "addressLine3": "",
      "addressLine4": "",
      "district": "",
      "city": "Muenster",
      "postalCode": "48155",
      "regionCode": "NW",
      "countryCode": "DE",
      "updateDate": "2023-02-16T14:32:22.000Z",
      "mandt": "200"
    },
    {
      "companyCode": "DE12",
      "companyCodeName": "Aberkyn Deutschland GmbH",
      "description": "Aberkyn Deutschland GmbH  ",
      "currencyCode": "EUR",
      "validFrom": "0001-01-01",
      "validTo": "9999-12-31",
      "addressLine1": "",
      "addressLine2": "",
      "addressLine3": "",
      "addressLine4": "",
      "district": "",
      "city": "",
      "postalCode": "",
      "regionCode": "",
      "countryCode": "DE",
      "updateDate": "2023-02-16T14:32:22.000Z",
      "mandt": "200"
    },
    {
      "companyCode": "DE13",
      "companyCodeName": "McK D&S DE GmbH",
      "description": "McKinsey Defense and Security Germany GmbH & Co KG ",
      "currencyCode": "EUR",
      "validFrom": "0001-01-01",
      "validTo": "9999-12-31",
      "addressLine1": "Budapester straße 46",
      "addressLine2": "",
      "addressLine3": "",
      "addressLine4": "",
      "district": "",
      "city": "Berlin",
      "postalCode": "10787",
      "regionCode": "BE",
      "countryCode": "DE",
      "updateDate": "2023-02-16T14:32:22.000Z",
      "mandt": "200"
    },
    {
      "companyCode": "DE14",
      "companyCodeName": "McK D&S DE Verwaltungs",
      "description": "McKinsey Defense and Security Germany Verwaltungs GmbH ",
      "currencyCode": "EUR",
      "validFrom": "0001-01-01",
      "validTo": "9999-12-31",
      "addressLine1": "Budapester straße 46",
      "addressLine2": "",
      "addressLine3": "",
      "addressLine4": "",
      "district": "",
      "city": "Berlin",
      "postalCode": "10787",
      "regionCode": "BE",
      "countryCode": "DE",
      "updateDate": "2023-02-16T14:32:22.000Z",
      "mandt": "200"
    },
    {
      "companyCode": "DE15",
      "companyCodeName": "McK Global Limited - DE",
      "description": "McKinsey Global Limited - Germany  ",
      "currencyCode": "EUR",
      "validFrom": "0001-01-01",
      "validTo": "9999-12-31",
      "addressLine1": "Kennedydamm 24",
      "addressLine2": "",
      "addressLine3": "",
      "addressLine4": "",
      "district": "",
      "city": "Dusseldorf",
      "postalCode": "40476",
      "regionCode": "NW",
      "countryCode": "DE",
      "updateDate": "2023-02-16T14:32:22.000Z",
      "mandt": "200"
    },
    {
      "companyCode": "DE16",
      "companyCodeName": "McK GmbH & Co. KG",
      "description": "McKinsey GmbH & Co. KG  ",
      "currencyCode": "EUR",
      "validFrom": "0001-01-01",
      "validTo": "9999-12-31",
      "addressLine1": "Kennedydamm 24",
      "addressLine2": "",
      "addressLine3": "",
      "addressLine4": "",
      "district": "",
      "city": "Dusseldorf",
      "postalCode": "40476",
      "regionCode": "NW",
      "countryCode": "DE",
      "updateDate": "2023-02-16T14:32:22.000Z",
      "mandt": "200"
    },
    {
      "companyCode": "DE17",
      "companyCodeName": "McK Verwaltungs GmbH",
      "description": "McKinsey Verwaltungs GmbH  ",
      "currencyCode": "EUR",
      "validFrom": "0001-01-01",
      "validTo": "9999-12-31",
      "addressLine1": "Kennedydamm 24",
      "addressLine2": "",
      "addressLine3": "",
      "addressLine4": "",
      "district": "",
      "city": "Dusseldorf",
      "postalCode": "40476",
      "regionCode": "NW",
      "countryCode": "DE",
      "updateDate": "2023-02-16T14:32:22.000Z",
      "mandt": "200"
    },
    {
      "companyCode": "DE18",
      "companyCodeName": "MIO-Partners (EU) GmbH",
      "description": "MIO-Partners (EU) GmbH  ",
      "currencyCode": "EUR",
      "validFrom": "0001-01-01",
      "validTo": "9999-12-31",
      "addressLine1": "Ludwigstrasse 8, 80539",
      "addressLine2": "",
      "addressLine3": "",
      "addressLine4": "",
      "district": "",
      "city": "Munich",
      "postalCode": "80539",
      "regionCode": "BY",
      "countryCode": "DE",
      "updateDate": "2023-02-16T14:32:22.000Z",
      "mandt": "200"
    },
    {
      "companyCode": "US10",
      "companyCodeName": "McK & Co, Inc. US",
      "description": "McKinsey & Company, Inc. United States ",
      "currencyCode": "USD",
      "validFrom": "0001-01-01",
      "validTo": "9999-12-31",
      "addressLine1": "711 Third Avenue",
      "addressLine2": "",
      "addressLine3": "",
      "addressLine4": "",
      "district": "",
      "city": "New York",
      "postalCode": "10017",
      "regionCode": "NY",
      "countryCode": "US",
      "updateDate": "2023-02-16T14:32:22.000Z",
      "mandt": "200"
    },
    {
      "companyCode": "US11",
      "companyCodeName": "CSA, Inc.",
      "description": "Client Service Administration, Inc.  ",
      "currencyCode": "EUR",
      "validFrom": "0001-01-01",
      "validTo": "9999-12-31",
      "addressLine1": "711 Third Avenue",
      "addressLine2": "",
      "addressLine3": "",
      "addressLine4": "",
      "district": "",
      "city": "New York",
      "postalCode": "10017",
      "regionCode": "NY",
      "countryCode": "US",
      "updateDate": "2023-02-16T14:32:22.000Z",
      "mandt": "200"
    },
    {
      "companyCode": "US12",
      "companyCodeName": "MIO Partners, Inc.",
      "description": "MIO Partners, Inc.  ",
      "currencyCode": "USD",
      "validFrom": "0001-01-01",
      "validTo": "9999-12-31",
      "addressLine1": "245 Park Avenue",
      "addressLine2": "",
      "addressLine3": "",
      "addressLine4": "",
      "district": "",
      "city": "New York",
      "postalCode": "10167",
      "regionCode": "NY",
      "countryCode": "US",
      "updateDate": "2023-02-16T14:32:22.000Z",
      "mandt": "200"
    },
    {
      "companyCode": "US13",
      "companyCodeName": "McK & Co, Inc. Wash D.C.",
      "description": "McKinsey & Company, Inc. Washington D.C. ",
      "currencyCode": "USD",
      "validFrom": "0001-01-01",
      "validTo": "9999-12-31",
      "addressLine1": "1200 19th Street NW Suite 1100",
      "addressLine2": "",
      "addressLine3": "",
      "addressLine4": "",
      "district": "",
      "city": "Washington",
      "postalCode": "20036",
      "regionCode": "DC",
      "countryCode": "US",
      "updateDate": "2023-02-16T14:32:22.000Z",
      "mandt": "200"
    },
    {
      "companyCode": "US14",
      "companyCodeName": "GCI Analytics, LLC",
      "description": "GCI Analytics, LLC  ",
      "currencyCode": "USD",
      "validFrom": "0001-01-01",
      "validTo": "9999-12-31",
      "addressLine1": "3111 Clairmont Rd., Suite A",
      "addressLine2": "",
      "addressLine3": "",
      "addressLine4": "",
      "district": "",
      "city": "Atlanta",
      "postalCode": "30329",
      "regionCode": "",
      "countryCode": "US",
      "updateDate": "2023-02-16T14:32:22.000Z",
      "mandt": "200"
    },
    {
      "companyCode": "US15",
      "companyCodeName": "McK RTS U.S., LLC",
      "description": "McKinsey Recovery & Transformation Services U.S., LLC ",
      "currencyCode": "USD",
      "validFrom": "0001-01-01",
      "validTo": "9999-12-31",
      "addressLine1": "711 Third Avenue",
      "addressLine2": "",
      "addressLine3": "",
      "addressLine4": "",
      "district": "",
      "city": "New York",
      "postalCode": "10017",
      "regionCode": "NY",
      "countryCode": "US",
      "updateDate": "2023-02-16T14:32:22.000Z",
      "mandt": "200"
    },
    {
      "companyCode": "US16",
      "companyCodeName": "McK & Co, Inc.- XFI",
      "description": "McKinsey & Company, Inc.- XFI  ",
      "currencyCode": "USD",
      "validFrom": "0001-01-01",
      "validTo": "9999-12-31",
      "addressLine1": "",
      "addressLine2": "",
      "addressLine3": "",
      "addressLine4": "",
      "district": "",
      "city": "",
      "postalCode": "",
      "regionCode": "",
      "countryCode": "US",
      "updateDate": "2023-02-16T14:32:22.000Z",
      "mandt": "200"
    },
    {
      "companyCode": "US17",
      "companyCodeName": "AFAC Equity, L.P.",
      "description": "AFAC Equity, L.P.  ",
      "currencyCode": "USD",
      "validFrom": "0001-01-01",
      "validTo": "9999-12-31",
      "addressLine1": "251 Little Falls Drive",
      "addressLine2": "",
      "addressLine3": "",
      "addressLine4": "",
      "district": "",
      "city": "Wilmington",
      "postalCode": "19808",
      "regionCode": "DE",
      "countryCode": "US",
      "updateDate": "2023-02-16T14:32:22.000Z",
      "mandt": "200"
    },
    {
      "companyCode": "US18",
      "companyCodeName": "AFOS Management, Inc",
      "description": "AFOS Management, Inc  ",
      "currencyCode": "USD",
      "validFrom": "0001-01-01",
      "validTo": "9999-12-31",
      "addressLine1": "251 Little Falls Drive",
      "addressLine2": "",
      "addressLine3": "",
      "addressLine4": "",
      "district": "",
      "city": "Wilmington",
      "postalCode": "19808",
      "regionCode": "DE",
      "countryCode": "US",
      "updateDate": "2023-02-16T14:32:22.000Z",
      "mandt": "200"
    },
    {
      "companyCode": "US19",
      "companyCodeName": "HRCP, LLC",
      "description": "HRCP, LLC  ",
      "currencyCode": "USD",
      "validFrom": "0001-01-01",
      "validTo": "9999-12-31",
      "addressLine1": "711 Third Avenue",
      "addressLine2": "",
      "addressLine3": "",
      "addressLine4": "",
      "district": "",
      "city": "New York",
      "postalCode": "10017",
      "regionCode": "NY",
      "countryCode": "US",
      "updateDate": "2023-02-16T14:32:22.000Z",
      "mandt": "200"
    },
    {
      "companyCode": "US20",
      "companyCodeName": "Lunar Design, LLC",
      "description": "Lunar Design, LLC  ",
      "currencyCode": "USD",
      "validFrom": "0001-01-01",
      "validTo": "9999-12-31",
      "addressLine1": "711 Third Avenue",
      "addressLine2": "",
      "addressLine3": "",
      "addressLine4": "",
      "district": "",
      "city": "New York",
      "postalCode": "10017",
      "regionCode": "NY",
      "countryCode": "US",
      "updateDate": "2023-02-16T14:32:22.000Z",
      "mandt": "200"
    },
    {
      "companyCode": "US21",
      "companyCodeName": "McK Ops Analytics, LLC",
      "description": "McKinsey Operations Analytics, LLC  ",
      "currencyCode": "USD",
      "validFrom": "0001-01-01",
      "validTo": "9999-12-31",
      "addressLine1": "711 Third Avenue",
      "addressLine2": "",
      "addressLine3": "",
      "addressLine4": "",
      "district": "",
      "city": "New York",
      "postalCode": "10017",
      "regionCode": "NY",
      "countryCode": "US",
      "updateDate": "2023-02-16T14:32:22.000Z",
      "mandt": "200"
    },
    {
      "companyCode": "US22",
      "companyCodeName": "Veryday, LLC",
      "description": "Veryday, LLC  ",
      "currencyCode": "USD",
      "validFrom": "0001-01-01",
      "validTo": "9999-12-31",
      "addressLine1": "85 Broad Street",
      "addressLine2": "18th Fl",
      "addressLine3": "",
      "addressLine4": "",
      "district": "",
      "city": "New York",
      "postalCode": "10004",
      "regionCode": "NY",
      "countryCode": "US",
      "updateDate": "2023-02-16T14:32:22.000Z",
      "mandt": "200"
    },
    {
      "companyCode": "US23",
      "companyCodeName": "Vivid Economics, LLC.",
      "description": "Vivid Economics, LLC.  ",
      "currencyCode": "USD",
      "validFrom": "0001-01-01",
      "validTo": "9999-12-31",
      "addressLine1": "1440 G Street NW",
      "addressLine2": "",
      "addressLine3": "",
      "addressLine4": "",
      "district": "",
      "city": "Washington",
      "postalCode": "20005",
      "regionCode": "WA",
      "countryCode": "US",
      "updateDate": "2023-02-16T14:32:22.000Z",
      "mandt": "200"
    },
    {
      "companyCode": "US24",
      "companyCodeName": "Caserta Concepts LLC",
      "description": "Caserta Concepts LLC  ",
      "currencyCode": "USD",
      "validFrom": "0001-01-01",
      "validTo": "9999-12-31",
      "addressLine1": "501 Fifth Ave",
      "addressLine2": "",
      "addressLine3": "",
      "addressLine4": "",
      "district": "",
      "city": "New York",
      "postalCode": "10017",
      "regionCode": "NY",
      "countryCode": "US",
      "updateDate": "2023-02-16T14:32:22.000Z",
      "mandt": "200"
    },
    {
      "companyCode": "US99",
      "companyCodeName": "Elimination Entity CBL",
      "description": "Elimination Entity CBL  ",
      "currencyCode": "USD",
      "validFrom": "0001-01-01",
      "validTo": "9999-12-31",
      "addressLine1": "711 Third Avenue",
      "addressLine2": "",
      "addressLine3": "",
      "addressLine4": "",
      "district": "",
      "city": "New York",
      "postalCode": "10017",
      "regionCode": "NY",
      "countryCode": "US",
      "updateDate": "2023-02-16T14:32:22.000Z",
      "mandt": "200"
    },
    {
      "companyCode": "UY10",
      "companyCodeName": "McK & Co PUB SRL",
      "description": "McKinsey & Company PUB SRL  ",
      "currencyCode": "UYU",
      "validFrom": "0001-01-01",
      "validTo": "9999-12-31",
      "addressLine1": "Luis Bonavita 1294",
      "addressLine2": "WTC Montevideo Free Zone",
      "addressLine3": "Torre I, Office 704",
      "addressLine4": "",
      "district": "",
      "city": "Montevideo",
      "postalCode": "",
      "regionCode": "MO",
      "countryCode": "UY",
      "updateDate": "2023-02-16T14:32:22.000Z",
      "mandt": "200"
    },
    {
      "companyCode": "UY11",
      "companyCodeName": "McK S.R.L.",
      "description": "McKinsey S.R.L.  ",
      "currencyCode": "UYU",
      "validFrom": "0001-01-01",
      "validTo": "9999-12-31",
      "addressLine1": "Cerrito 461",
      "addressLine2": "P.5- 11.0000",
      "addressLine3": "",
      "addressLine4": "",
      "district": "",
      "city": "Montevideo",
      "postalCode": "",
      "regionCode": "",
      "countryCode": "UY",
      "updateDate": "2023-02-16T14:32:22.000Z",
      "mandt": "200"
    },
    {
      "companyCode": "VE10",
      "companyCodeName": "McK Int -Venezuela",
      "description": "McKinsey International de Venezuela, S.C.A. ",
      "currencyCode": "VES",
      "validFrom": "0001-01-01",
      "validTo": "9999-12-31",
      "addressLine1": "Edificio Mene Grande II",
      "addressLine2": "Piso 1 - Ala Este",
      "addressLine3": "",
      "addressLine4": "",
      "district": "",
      "city": "Caracas",
      "postalCode": "",
      "regionCode": "",
      "countryCode": "VE",
      "updateDate": "2023-02-16T14:32:22.000Z",
      "mandt": "200"
    },
    {
      "companyCode": "VN10",
      "companyCodeName": "McK & Co Vietnam Limited",
      "description": "McKinsey & Company Vietnam Limited  ",
      "currencyCode": "VND",
      "validFrom": "0001-01-01",
      "validTo": "9999-12-31",
      "addressLine1": "24th Floor, Capital Place Building",
      "addressLine2": "29 Lieu Giai Street",
      "addressLine3": "",
      "addressLine4": "",
      "district": "",
      "city": "Hanoi",
      "postalCode": "000000",
      "regionCode": "HN",
      "countryCode": "VN",
      "updateDate": "2023-02-16T14:32:22.000Z",
      "mandt": "200"
    },
    {
      "companyCode": "ZA10",
      "companyCodeName": "McK and Co Africa",
      "description": "McKinsey and Company Africa (Pty) Ltd ",
      "currencyCode": "ZAR",
      "validFrom": "0001-01-01",
      "validTo": "9999-12-31",
      "addressLine1": "140 West Street, 7th Floor",
      "addressLine2": "",
      "addressLine3": "",
      "addressLine4": "",
      "district": "",
      "city": "Johannesburg",
      "postalCode": "2196",
      "regionCode": "GP",
      "countryCode": "ZA",
      "updateDate": "2023-02-16T14:32:22.000Z",
      "mandt": "200"
    },
    {
      "companyCode": "ZA11",
      "companyCodeName": "McK and Co Inc Africa",
      "description": "McKinsey and Company Inc Africa (Pty) Ltd ",
      "currencyCode": "ZAR",
      "validFrom": "0001-01-01",
      "validTo": "9999-12-31",
      "addressLine1": "Sandown Mews East, 88 Stella Street",
      "addressLine2": "",
      "addressLine3": "",
      "addressLine4": "",
      "district": "",
      "city": "Johannesburg",
      "postalCode": "2196",
      "regionCode": "GP",
      "countryCode": "ZA",
      "updateDate": "2023-02-16T14:32:22.000Z",
      "mandt": "200"
    },
    {
      "companyCode": "ZT",
      "companyCodeName": "McK and Co Inc Africa",
      "description": "McKinsey and Company Inc Africa (Pty) Ltd ",
      "currencyCode": "ZAR",
      "validFrom": "0001-01-01",
      "validTo": "9999-12-31",
      "addressLine1": "Sandown Mews East, 88 Stella Street",
      "addressLine2": "",
      "addressLine3": "",
      "addressLine4": "",
      "district": "",
      "city": "Johannesburg",
      "postalCode": "2196",
      "regionCode": "GP",
      "countryCode": "ZA",
      "updateDate": "2023-02-16T14:32:22.000Z",
      "mandt": "200"
    }
  ]
}
