<core:FragmentDefinition xmlns="sap.m" xmlns:core="sap.ui.core" xmlns:l="sap.ui.layout" xmlns:f="sap.ui.layout.form" xmlns:u="sap.ui.unified">
    <Dialog id="uploadDialog" title="Upload">
        <beginButton>
            <Button id="submitBtn" text="Submit" press="submitUploads" />
        </beginButton>
        <endButton>
            <Button id="closeBtn" text="Close" press="closeDialog" />
        </endButton>

        <f:SimpleForm
            id="uploadForm"
            editable="false"
            layout="ResponsiveGridLayout"
            title=""
            labelSpanXL="4"
            labelSpanL="4"
            labelSpanM="4"
            labelSpanS="12"
            adjustLabelSpan="false"
            emptySpanXL="0"
            emptySpanL="0"
            emptySpanM="0"
            emptySpanS="0"
            columnsXL="3"
            columnsL="2"
            columnsM="2"
            singleContainerFullSize="false"
        >
            <f:content>
                <Label id="companyCodeLbl" text="Company Code" labelFor="companyCode" design="Bold" />
                <ComboBox
                    id="uploadCompanyCode"
                    name="Name"
                    showSecondaryValues="true"
                    filterSecondaryValues="true"
                    items="{
                                path: '/CompanyCodes',
                                sorter: {
                                    path: 'companyCodeName',
                                    descending: false
                                },
                                length: 1000
                        }"
                >
                    <core:ListItem id="uploadCompanyCodeItem" key="{companyCode}" text="{companyCodeName}" additionalText="{companyCode}" />
                </ComboBox>
                <Label id="transTypeLbl" text="Posting file type" labelFor="transType" design="Bold" />
                <Select id="transTypeDlg" forceSelection="false" selectedKey="{transTypes>/0/Type}" items="{transTypes>/}" change="onTransTypeChange">
                    <core:Item id="transItems" key="{transTypes>Type}" text="{transTypes>Name}" />
                </Select>
                <!--    <Input id="transType" /> -->
                <!--      <Label id="sourceOfficeLbl" text="Source Office" labelFor="sourceOffice" design="Bold" />
                <Input id="sourceOffice" /> -->
                <Label id="currencyLbl" text="Payroll Currency" labelFor="currency" design="Bold" />
                <ComboBox
                    id="uploadCurrency"
                    name="Name"
                    showSecondaryValues="true"
                    filterSecondaryValues="true"
                    items="{
                                path: '/Currency',
                                sorter: {
                                    path: 'currencyShortDescription',
                                    descending: false
                                },
                                 length: 1000
                        }"
                >
                    <core:ListItem id="currencyItem" key="{currencyCode}" text="{currencyShortDescription}" additionalText="{currencyCode}" />
                </ComboBox>
                <Label id="payrollDatebl" text="Payroll Date" labelFor="payrollDate" design="Bold" />
                <DatePicker id="payrollDateDlg" placeholder="dd-mon-yyyy" change="convertPayrollDate" class="sapUiSmallMarginBottom" />
                <Label id="glPeriodLbl" text="GL Period" labelFor="glPeriod" design="Bold" />
                <DatePicker id="glPeriodDlg" displayFormat="MM-y" class="sapUiSmallMarginBottom" />
                <Label id="effectivePeriodLbl" text="Effective Period" labelFor="effectivePeriod" design="Bold" />
                <DatePicker id="effectivePeriodDlg" displayFormat="MM-y" class="sapUiSmallMarginBottom" />
                <!--      <Label id="batchNoLbl" text="Batch Number" labelFor="batchNo" design="Bold" />
                <Input id="batchNo" /> -->
                <Label id="batchDescLbl" text="Batch Description" labelFor="batchDesc" design="Bold" />
                <Input id="batchDescDlg" />
                <!--    <Label id="remarksLbl" text="Remarks" labelFor="uploadRemarks" design="Bold" />
                <Input id="uploadRemarksDlg" /> -->
                <Label id="uploadLbl" text="User File Name" labelFor="fileUploader" design="Bold" />
                <u:FileUploader
                    id="fileUploader"
                    name="myFileUpload"
                    uploadUrl=""
                    typeMissmatch=".onTypeMismatch"
                    placeholder="Choose a txt file..."
                    uploadComplete="handleUploadComplete"
                    change=".onChangeFUP"
                    multiple="false"
                    fileAllowed=".onFileAllowed"
                    fileEmpty=".onFileEmpty"
                    sendXHR="true"
                    useMultipart="false"
                    httpRequestMethod="Put"
                />
            </f:content>
        </f:SimpleForm>
    </Dialog>
</core:FragmentDefinition>
