{
  "fragments/Upload.fragment.xml": 1675778133641,
  "model/formatter.js": 1675778133641,
  "utils/locate-reuse-libs.js": 1675778133641,
  "model/models.js": 1675778133641,
  "manifest.json": 1675802214551,
  "controller/Worklist.controller.js": 1675778133637,
  "controller/Object.controller.js": 1675778133637,
  "controller/NotFound.controller.js": 1675778133637,
  "controller/ErrorHandler.js": 1675778133637,
  "controller/BaseController.js": 1675778133637,
  "controller/App.controller.js": 1675778133637,
  "Component.js": 1675778133637,
  "Component-preload.js": 1675802215086,
  "model/models-dbg.js": 1675778133641,
  "utils/locate-reuse-libs-dbg.js": 1675778133641,
  "model/formatter-dbg.js": 1675778133641,
  "controller/Worklist-dbg.controller.js": 1675778133637,
  "controller/Object-dbg.controller.js": 1675778133637,
  "controller/NotFound-dbg.controller.js": 1675778133637,
  "controller/ErrorHandler-dbg.js": 1675778133637,
  "controller/BaseController-dbg.js": 1675778133637,
  "controller/App-dbg.controller.js": 1675778133637,
  "Component-dbg.js": 1675778133637,
  "view/Worklist.view_old.xml": 1675778133641,
  "view/Worklist.view.xml": 1675778133641,
  "view/Worklist.view copy.xml": 1675778133641,
  "view/ObjectNotFound.view.xml": 1675778133641,
  "view/Object.view.xml": 1675778133641,
  "view/Object.view copy.xml": 1675778133641,
  "view/Object.view copy 4.xml": 1675778133641,
  "view/Object.view copy 3.xml": 1675778133641,
  "view/NotFound.view.xml": 1675778133641,
  "view/App.view.xml": 1675778133641,
  "i18n/i18n.properties": 1675778133641,
  "fragments/Approve.fragment.xml": 1675778133641,
  "index.html": 1675778133641
}