{
  "model/trans_types.json": 1676933694221,
  "controller/Object.controller.js": 1677701415278,
  "i18n/i18n.properties": 1676933694221,
  "model/summary_data.json": 1676933694221,
  "model/currency.json": 1677018864951,
  "model/companycode.json": 1677018864951,
  "model/company_code.json": 1676933694221,
  "manifest.json": 1677706252247,
  "utils/locate-reuse-libs.js": 1676933694221,
  "model/models.js": 1676933694221,
  "model/formatter.js": 1677087193215,
  "controller/Worklist.controller.js": 1677702600129,
  "model/upload_ranges.json": 1676933694221,
  "controller/NotFound.controller.js": 1676933694221,
  "controller/ErrorHandler.js": 1676933694221,
  "controller/BaseController.js": 1676933694221,
  "controller/App.controller.js": 1676933694221,
  "Component.js": 1676933694221,
  "Component-preload.js": 1677706252614,
  "controller/ErrorHandler-dbg.js": 1676933694221,
  "model/models-dbg.js": 1676933694221,
  "model/formatter-dbg.js": 1677087193215,
  "controller/Worklist-dbg.controller.js": 1677702600129,
  "controller/Object-dbg.controller.js": 1677701415278,
  "controller/NotFound-dbg.controller.js": 1676933694221,
  "utils/locate-reuse-libs-dbg.js": 1676933694221,
  "controller/BaseController-dbg.js": 1676933694221,
  "controller/App-dbg.controller.js": 1676933694221,
  "Component-dbg.js": 1676933694221,
  "view/Worklist.view.xml": 1677019477228,
  "view/ObjectNotFound.view.xml": 1676933694221,
  "view/Object.view.xml": 1677701415278,
  "view/NotFound.view.xml": 1676933694221,
  "view/App.view.xml": 1676933694221,
  "fragments/Upload.fragment.xml": 1677701415278,
  "fragments/Settings.fragment.xml": 1677096967760,
  "fragments/Approve.fragment.xml": 1677096967756,
  "index.html": 1676933694221
}